status,pages,bytes,html_path,pdf_path,error
converted,5,17237,机器人产品资料库_2026-06-21/01_Excel链接资料/企业与产品资料/005_5_-_AI___技术趋势_-_The_2025_AI_Index_Report.html,机器人产品资料库_2026-06-21/01_Excel链接资料/企业与产品资料/005_5_-_AI___技术趋势_-_The_2025_AI_Index_Report.pdf,
converted,4,10554,机器人产品资料库_2026-06-21/01_Excel链接资料/其他资料/029_29_-_学术综述___接受度_-_Consumers_acceptance_of_service_robots_in_hotels__A_meta-analytic_re.html,机器人产品资料库_2026-06-21/01_Excel链接资料/其他资料/029_29_-_学术综述___接受度_-_Consumers_acceptance_of_service_robots_in_hotels__A_meta-analytic_re.pdf,
converted,3,10209,机器人产品资料库_2026-06-21/01_Excel链接资料/市场与行业报告/002_2_-_国际权威统计___市场_-_World_Robotics_2025_report_–_Service_Robots__Service_Robots_See_Glob.html,机器人产品资料库_2026-06-21/01_Excel链接资料/市场与行业报告/002_2_-_国际权威统计___市场_-_World_Robotics_2025_report_–_Service_Robots__Service_Robots_See_Glob.pdf,
converted,4,12265,机器人产品资料库_2026-06-21/01_Excel链接资料/市场与行业报告/004_4_-_国际权威统计___市场_-_World_Robotics_2025_report_–_Industrial_Robots__Global_Robot_Demand_.html,机器人产品资料库_2026-06-21/01_Excel链接资料/市场与行业报告/004_4_-_国际权威统计___市场_-_World_Robotics_2025_report_–_Industrial_Robots__Global_Robot_Demand_.pdf,
converted,3,7308,机器人产品资料库_2026-06-21/01_Excel链接资料/市场与行业报告/006_6_-_投资机构___人形机器人_-_Humanoid_robot__The_AI_accelerant.html,机器人产品资料库_2026-06-21/01_Excel链接资料/市场与行业报告/006_6_-_投资机构___人形机器人_-_Humanoid_robot__The_AI_accelerant.pdf,
converted,8,26982,机器人产品资料库_2026-06-21/01_Excel链接资料/市场与行业报告/007_7_-_投资机构___人形机器人_-_Humanoids__A_$5_Trillion_Market.html,机器人产品资料库_2026-06-21/01_Excel链接资料/市场与行业报告/007_7_-_投资机构___人形机器人_-_Humanoids__A_$5_Trillion_Market.pdf,
converted,1,3028,机器人产品资料库_2026-06-21/01_Excel链接资料/市场与行业报告/025_25_-_中国行业报告___养老机器人_-_2025年中国智能养老机器人行业概览：从老有所养到老有所乐，智能重构养老体验.html,机器人产品资料库_2026-06-21/01_Excel链接资料/市场与行业报告/025_25_-_中国行业报告___养老机器人_-_2025年中国智能养老机器人行业概览：从老有所养到老有所乐，智能重构养老体验.pdf,
converted,9,25792,"机器人产品资料库_2026-06-21/01_Excel链接资料/市场与行业报告/034_34_-_市场报告___清洁机器人_-_Cleaning_Robot_Market_Size,_Growth___Report,_2034.html","机器人产品资料库_2026-06-21/01_Excel链接资料/市场与行业报告/034_34_-_市场报告___清洁机器人_-_Cleaning_Robot_Market_Size,_Growth___Report,_2034.pdf",
converted,21,38789,"机器人产品资料库_2026-06-21/01_Excel链接资料/市场与行业报告/037_37_-_市场报告___协作机器人_-_Collaborative_Robots_2025–2045__Technologies,_Players,_and_Markets.html","机器人产品资料库_2026-06-21/01_Excel链接资料/市场与行业报告/037_37_-_市场报告___协作机器人_-_Collaborative_Robots_2025–2045__Technologies,_Players,_and_Markets.pdf",
converted,1,3009,机器人产品资料库_2026-06-21/01_Excel链接资料/竞品与岗位能力/039_39_-_学术综述___安全与信任_-_A_literature_review_on_safety_perception_and_trust_during_human-ro.html,机器人产品资料库_2026-06-21/01_Excel链接资料/竞品与岗位能力/039_39_-_学术综述___安全与信任_-_A_literature_review_on_safety_perception_and_trust_during_human-ro.pdf,
converted,1,2930,机器人产品资料库_2026-06-21/02_Word补充资料/企业与产品资料/050_Tesla_Optimus_Gen_2_official_video_page.html,机器人产品资料库_2026-06-21/02_Word补充资料/企业与产品资料/050_Tesla_Optimus_Gen_2_official_video_page.pdf,
converted,7,14994,机器人产品资料库_2026-06-21/02_Word补充资料/企业与产品资料/051_Unitree_G1_official_product_page.html,机器人产品资料库_2026-06-21/02_Word补充资料/企业与产品资料/051_Unitree_G1_official_product_page.pdf,
converted,1,2720,机器人产品资料库_2026-06-21/02_Word补充资料/企业与产品资料/052_Unitree_G1_SDK_Development_Guide.html,机器人产品资料库_2026-06-21/02_Word补充资料/企业与产品资料/052_Unitree_G1_SDK_Development_Guide.pdf,
converted,1,2724,机器人产品资料库_2026-06-21/02_Word补充资料/企业与产品资料/053_Unitree_G1_Quick_Start___Debug_Mode.html,机器人产品资料库_2026-06-21/02_Word补充资料/企业与产品资料/053_Unitree_G1_Quick_Start___Debug_Mode.pdf,
converted,13,21434,机器人产品资料库_2026-06-21/02_Word补充资料/企业与产品资料/056_UBTECH_Walker_S2_official_product_page.html,机器人产品资料库_2026-06-21/02_Word补充资料/企业与产品资料/056_UBTECH_Walker_S2_official_product_page.pdf,
converted,2,5837,机器人产品资料库_2026-06-21/02_Word补充资料/企业与产品资料/059_Agility_Robotics_official_site.html,机器人产品资料库_2026-06-21/02_Word补充资料/企业与产品资料/059_Agility_Robotics_official_site.pdf,
converted,3,10264,机器人产品资料库_2026-06-21/02_Word补充资料/企业与产品资料/060_Agility_Robotics_humanoid_solutions.html,机器人产品资料库_2026-06-21/02_Word补充资料/企业与产品资料/060_Agility_Robotics_humanoid_solutions.pdf,
converted,7,25372,机器人产品资料库_2026-06-21/02_Word补充资料/企业与产品资料/062_NVIDIA_case_study_-_Agility_Robotics_Digit.html,机器人产品资料库_2026-06-21/02_Word补充资料/企业与产品资料/062_NVIDIA_case_study_-_Agility_Robotics_Digit.pdf,
converted,2,5776,机器人产品资料库_2026-06-21/02_Word补充资料/政策与标准/069_People's_Daily_-_humanoid_robot_embodied_AI_real-world_training_action.html,机器人产品资料库_2026-06-21/02_Word补充资料/政策与标准/069_People's_Daily_-_humanoid_robot_embodied_AI_real-world_training_action.pdf,
converted,1,3168,机器人产品资料库_2026-06-21/02_Word补充资料/政策与标准/070_Xinhua_-_humanoid_robot_real-world_training_action.html,机器人产品资料库_2026-06-21/02_Word补充资料/政策与标准/070_Xinhua_-_humanoid_robot_real-world_training_action.pdf,
converted,16,34952,机器人产品资料库_2026-06-21/02_Word补充资料/新闻与媒体/058_UBTECH_Walker_S2_mass_production_and_delivery_press_release.html,机器人产品资料库_2026-06-21/02_Word补充资料/新闻与媒体/058_UBTECH_Walker_S2_mass_production_and_delivery_press_release.pdf,
converted,3,11012,机器人产品资料库_2026-06-21/02_Word补充资料/新闻与媒体/061_Agility_Robotics_Digit_new_capabilities_announcement.html,机器人产品资料库_2026-06-21/02_Word补充资料/新闻与媒体/061_Agility_Robotics_Digit_new_capabilities_announcement.pdf,
converted,1,5273,机器人产品资料库_2026-06-21/02_Word补充资料/竞品与岗位能力/063_Rise_Robotics_product_manager_internship_JD.html,机器人产品资料库_2026-06-21/02_Word补充资料/竞品与岗位能力/063_Rise_Robotics_product_manager_internship_JD.pdf,
converted,14,67456,机器人产品资料库_2026-06-21/02_Word补充资料/竞品与岗位能力/066_Michael_Page_humanoid_robot_product_manager_JD.html,机器人产品资料库_2026-06-21/02_Word补充资料/竞品与岗位能力/066_Michael_Page_humanoid_robot_product_manager_JD.pdf,
converted,2,6709,机器人产品资料库_2026-06-21/02_Word补充资料/竞品与岗位能力/067_FJ_Dynamics_robot_hardware_product_trainee_JD.html,机器人产品资料库_2026-06-21/02_Word补充资料/竞品与岗位能力/067_FJ_Dynamics_robot_hardware_product_trainee_JD.pdf,
converted,1,2882,机器人产品资料库_2026-06-21/02_Word补充资料/竞品与岗位能力/068_Xpeng_robotics_whole-machine_project_management_intern_JD.html,机器人产品资料库_2026-06-21/02_Word补充资料/竞品与岗位能力/068_Xpeng_robotics_whole-machine_project_management_intern_JD.pdf,
